No,Top Kalimat,Kata Top 50,Tanggal,Sumber,Bobot Kata,Status
1," Partai Gerakan Indonesia Raya, atau Gerindra merespons pernyataan elite Partai Keadilan Sejahtera yang akan mempertimbangkan bila ada calon wakil presiden atau cawapres Prabowo Subianto dari luar kader PKS.","['prabowo', 'partai', 'presiden', 'indonesia', 'pks', 'gerindra', 'cawapres', 'calon', 'wakil', 'subianto', 'pernyataan', 'kader']",13/04/18,viva,1164.830427,CS
2," Wakil Ketua Umum Partai Gerindra Ferry Juliantono menyatakan sejumlah nama yang kerap muncul di berbagai lembaga survei dengan elektabilitas yang potensial, masuk dalam daftar calon wakil presiden ( cawapres) pendamping Prabowo Subianto.","['prabowo', 'partai', 'presiden', 'gerindra', 'ketua', 'cawapres', 'calon', 'nama', 'elektabilitas', 'wakil', 'subianto', 'survei']",16/03/18,kompas,1070.731621,CS
3,Presiden Joko Widodo dikabarkan berupaya menggandeng Ketua Umum Partai Gerindra Prabowo Subianto untuk dijadikan calon wakil presiden pendampingnya pada pemilihan presiden mendatang atau Pilpres 2019.,"['prabowo', 'partai', 'presiden', 'pilpres', 'gerindra', 'ketua', 'calon', 'wakil', 'subianto', 'widodo', 'joko']",16/04/18,kompas,1057.641911,CS
4," Presiden Partai Keadilan Sejahtera (PKS) Sohibul Iman mengakusudah mendengar isu Ketua Umum Partai Gerindra, Prabowo Subianto ditawari jadi cawapres Joko Widodo.","['prabowo', 'partai', 'presiden', 'pks', 'gerindra', 'ketua', 'cawapres', 'subianto', 'widodo', 'joko', 'isu']",15/04/18,viva,1055.675518,CS
5,"Pada kesempatan ini, Prabowo berpidato di depan ratusam kader dua partai dan beberapa tokoh, seperti Presiden PKS Sohibul Iman, Ketua Majelis Syuro PKS Salim Segaf Al Jufrie, Sekjen PKS Mardani Ali Sera, Sekjen Gerindra Ahmad Muzani, dan Ketua Tim Pemenangan Pilpres 2019 Gerindra Sandiaga Uno.","['prabowo', 'partai', 'presiden', 'pks', 'pilpres', 'gerindra', 'ketua', 'kader']",21/04/18,cnn indonesia,1027.466699,MS
6," Wakil Ketua Umum Partai Gerindra, Ferry Juliantono, mengakui nama Gubernur DKI Jakarta, Anies Baswedan, masuk daftar kandidat calon wakil presiden yang akan mendampingi Prabowo Subianto dalam Pemilu 2019 mendatang.","['prabowo', 'partai', 'presiden', 'gerindra', 'ketua', 'calon', 'nama', 'jakarta', 'wakil', 'subianto', 'pemilu']",19/04/18,viva,1013.663459,CS
7,"Wakil Ketua Umum Partai Gerindra Fadli Zon mengungkapkan, partainya akan segera mendeklarasikan Ketua Umum Partai Gerindra Prabowo Subianto sebagai calon presiden pada Pilpres 2019.","['prabowo', 'partai', 'presiden', 'pilpres', 'gerindra', 'ketua', 'calon', 'wakil', 'subianto']",12/03/18,kompas,1005.19887,CS
8," Ketua Umum Partai Persatuan Pembangunan (PPP), Mohammad Romahurmuziy alias Rommy menyebut, Ketua Umum Partai Gerindra Prabowo Subianto yang melobi Joko Widodo jadi calon wakil presiden.","['prabowo', 'partai', 'presiden', 'gerindra', 'ketua', 'calon', 'menyebut', 'wakil', 'subianto', 'widodo', 'joko']",15/04/18,viva,989.4910658,CS
9, Koordinator Tim Pemenangan Pilpres 2019 Partai Gerindra Sandiaga Uno mengatakan Partai Amanat Nasional (PAN) telah mengajukan beberapa nama pendamping bakal calon presiden Prabowo Subianto.,"['prabowo', 'partai', 'presiden', 'pilpres', 'gerindra', 'calon', 'nama', 'subianto', 'nasional', 'pan']",19/04/18,cnn indonesia,989.1256526,CS
10," Setelah Prabowo Subianto menyatakan kesiapannya bertarung kembali di Pilpres 2019 mendatang, Partai Keadilan Sejahtera yang selama ini dekat dengan Gerindra, langsung menyodorkan nama untuk calon wakil presiden.","['prabowo', 'partai', 'presiden', 'pilpres', 'gerindra', 'calon', 'nama', 'wakil', 'subianto']",15/04/18,viva,980.9454397,CS
11, Ketua Umum Partai Persatuan Pembangunan (PPP) M Romahurmuziy memprediksi Partai Demokrat tak akan membuat poros baru di luar Presiden Jokowi dan Ketua Umum Partai Gerindra Prabowo Subianto pada Pemilu 2019.,"['prabowo', 'partai', 'jokowi', 'presiden', 'gerindra', 'ketua', 'subianto', 'pemilu']",08/03/18,kompas,979.252134,FS
12,"Menurut Eko, pesaing terkuat Presiden Joko Widodo pada pilpres mendatang masih sama, yakni Ketua Umum Partai Gerindra Prabowo Subianto.","['prabowo', 'partai', 'presiden', 'pilpres', 'gerindra', 'ketua', 'subianto', 'widodo', 'joko']",20/04/18,kompas,972.4079142,MS
13, Ketua Umum Partai Persatuan Pembangunan Muhammad Romahurmuziy (Romy) meyakini Presiden Joko Widodo akan menang lebih mudah jika melawan Ketua Umum Partai Gerindra Prabowo Subianto pada Pilpres 2019.,"['prabowo', 'partai', 'presiden', 'pilpres', 'gerindra', 'ketua', 'subianto', 'widodo', 'joko']",12/04/18,kompas,972.4079142,MS
14," Presiden Partai Keadilan Sejahtera (PKS) Sohibul Iman dan Ketua Umum Gerindra Prabowo Subianto bersepeda bersama dari Kantor DPP Gerindra, Ragunan, Jakarta Selatan, ke Kantor DPP PKS, Pasar Minggu, Jakarta Selatan, Sabtu (21/4/2018).","['prabowo', 'partai', 'presiden', 'pks', 'gerindra', 'ketua', 'jakarta', 'subianto']",21/04/18,kompas,969.5413914,NC
15,"Sementara Prabowo adalah Ketua Umum Partai Gerindra, bakal calon lawan Jokowi di Pilpres 2019 mendatang.","['prabowo', 'partai', 'jokowi', 'pilpres', 'gerindra', 'ketua', 'calon']",16/04/18,kompas,953.3695026,CS
16,"Bahkan Wiranto memastikan, ia akan bertemu dengan Ketua Umum Partai Gerindra Prabowo yang notabene pimpinan partai oposisi pemerintahan Presiden Jokowi.","['prabowo', 'partai', 'jokowi', 'presiden', 'gerindra', 'ketua', 'oposisi']",23/04/18,kompas,950.3136068,NC
17,"Menurut Ketua DPP Partai Golkar Idrus Marham, hal itu dikarenakan Partai Gerindra sudah melakukan deklarasi untuk menjadikan Prabowo sebagai calon presiden di Pilpres 2019.","['prabowo', 'partai', 'presiden', 'pilpres', 'gerindra', 'ketua', 'calon']",16/04/18,viva,941.2885943,CS
18," Wakil Ketua Umum Partai Gerindra, Fadli Zon membantah sejumlah pernyataan politikus Partai Keadilan Sejahtera soal partainya yang dianggap ragu mengusung Prabowo Subianto sebagai calon presiden.","['prabowo', 'partai', 'presiden', 'gerindra', 'ketua', 'calon', 'wakil', 'subianto', 'pernyataan']",16/04/18,viva,910.3703635,CS
19,"Presiden Joko Widodo menghormati Partai Gerindra yang memberikan mandat kepada ketua umumnya, Prabowo Subianto, untuk maju menjadi calon presiden dalam Pemilihan Presiden 2019.","['prabowo', 'partai', 'presiden', 'gerindra', 'ketua', 'calon', 'subianto', 'widodo', 'joko']",13/04/18,kompas,908.4612237,CS
20,"Wakil Gubernur DKI Jakarta, Sandiaga Uno, yang juga merupakan Wakil Ketua Dewan Pembina Partai Gerindra, membeberkan kriteria-kriteria apa saja yang harus dimiliki oleh calon wakil Prabowo untuk bertanding di Pemilihan Presiden 2019 mendatang.","['prabowo', 'partai', 'presiden', 'gerindra', 'ketua', 'calon', 'jakarta', 'wakil']",19/04/18,viva,905.9125623,CS
21,"Ketua Tim Pemenangan Prabowo Subianto di Pilpres 2019, Sandiaga Unobertemu para petinggi parpol mitra koalisi Gerindra, Partai Keadilan Sejahtera (PKS) di Restoran Meradelima, Kebayoran Baru, Jakarta Selatan.","['prabowo', 'partai', 'pks', 'pilpres', 'gerindra', 'jakarta', 'subianto', 'koalisi']",19/04/18,viva,905.8028733,NC
22,"Wakil Ketua Dewan Pembina Partai Gerindra, Sandiaga Uno, mengatakansudah ada partai yang mengajukan calon wakil presiden untuk mendampingi Prabowo Subianto di Pemilihan Presiden 2019 mendatang.","['prabowo', 'partai', 'presiden', 'gerindra', 'ketua', 'calon', 'wakil', 'subianto']",19/04/18,viva,888.5450947,CS
23," Ketua DPP Partai Gerindra Ahmad Riza Patria menegaskan Ketua Umumnya, Prabowo Subianto, adalah calon presiden untuk Pemilu 2019 yang telah resmi diusung partai.","['prabowo', 'partai', 'presiden', 'gerindra', 'ketua', 'calon', 'subianto', 'pemilu']",21/04/18,viva,882.8882405,CS
24,"Sekretaris Jenderal DPP Partai Gerindra Ahmad Muzani mengatakan, ketua umumnya, Prabowo Subianto, belum memutuskan untuk maju menjadi calon presiden pada Pemilu 2019.","['prabowo', 'partai', 'presiden', 'gerindra', 'ketua', 'calon', 'subianto', 'pemilu']",12/03/18,kompas,882.8882405,CS
25,"Dalam survei itu, Polmark membuat simulasi soal pasangan Presiden Joko Widodo dan Ketua Umum Partai Gerindra, Prabowo Subianto.","['prabowo', 'partai', 'presiden', 'gerindra', 'ketua', 'subianto', 'widodo', 'survei', 'joko']",18/12/17,viva,881.6081714,NC
26,"Belakangan, Gerindra dan PKS telah mewacanakan nama-nama capres maupun cawapres seperti Ketua Umum Gerindra Prabowo Subianto, mantan Panglima TNI Gatot Nurmantyo, dan Gubernur DKI Jakarta Anies Baswedan.","['prabowo', 'pks', 'gerindra', 'ketua', 'gatot', 'cawapres', 'capres', 'nama', 'jakarta', 'subianto', 'mantan']",07/04/18,cnn indonesia,871.7551524,CS
27,"Presiden Joko Widodo bersama Ketua Umum Partai Gerindra Prabowo Subianto di kediaman Prabowo Subianto, Bogor, Jawa Barat, Senin (31/10/2016).","['prabowo', 'partai', 'presiden', 'gerindra', 'ketua', 'subianto', 'widodo', 'joko']",23/04/18,kompas,855.7541387,NC
28,"Safari politik yang dilakukan mantan Panglima ABRI itu, juga bakal dilakukan dengan Ketua Umum Partai Gerindra Prabowo Subianto, Ketua Umum PPP Romahurmuziy, dan juga pimpinan partainya sendiri yakni Oesman Sapta Odang selaku Ketua Umum Partai Hanura.","['prabowo', 'partai', 'politik', 'gerindra', 'ketua', 'subianto', 'mantan']",18/04/18,viva,828.082229,NC
29," Wakil Ketua Umum Partai Gerindra Fadli Zon tidak sependapat dengan hasil survei Litbang Kompas yang menyebut elektabilitas ketua umumnya, Prabowo Subianto, menurun.","['prabowo', 'partai', 'gerindra', 'ketua', 'menyebut', 'elektabilitas', 'wakil', 'subianto', 'survei']",23/04/18,kompas,817.8145241,CS
30, Wakil Ketua Umum Partai Gerindra Fadli Zon membantah adanya persoalan logistik untuk memenangkan Ketua Umum Gerindra Prabowo Subianto di Pilpres 2019.,"['prabowo', 'partai', 'pilpres', 'gerindra', 'ketua', 'wakil', 'subianto']",17/04/18,kompas,815.5017148,CS
31, Video dan foto Ketum Partai Gerindra Prabowo Subianto bertelanjang dada yang diarak beberapa kader partai usai menerima mandat sebagai calon presiden melalui Rakornas Rabu malam 11 April 2018 sempat viral di media sosial.,"['prabowo', 'partai', 'presiden', 'gerindra', 'calon', 'subianto', 'kader']",13/04/18,viva,803.6730056,NC
32,Sekjen PDI-P Hasto Kristiyanto tak mempermasalahkan bila nantinya muncul capres ketiga di luar Presiden Jokowi dan Ketua Umum Gerindra Prabowo Subianto.,"['prabowo', 'jokowi', 'presiden', 'gerindra', 'ketua', 'capres', 'subianto']",08/03/18,kompas,788.0200055,FS
33,Adapun Partai Gerindra menginginkan Prabowo Subianto menjadi calon presiden lagi.,"['prabowo', 'partai', 'presiden', 'gerindra', 'calon', 'subianto']",27/03/18,viva,782.2672776,CS
34, Partai Gerindra memang sudang memberikan mandat kepada Prabowo Subianto untuk maju sebagai capres pada Pilpres 2019.,"['prabowo', 'partai', 'pilpres', 'gerindra', 'capres', 'subianto']",17/04/18,viva,762.4994677,CS
35, Ketua Umum Gerindra Prabowo Subianto menyatakan siap menerima mandat untuk maju sebagai calon presiden ke Pilpres 2019.,"['prabowo', 'presiden', 'pilpres', 'gerindra', 'ketua', 'calon', 'subianto']",14/04/18,viva,755.0343174,CS
36,"Setelah bertemu SBY, Wiranto sudah punya rencana untuk bertemu dengan Ketua Umum Partai Gerindra Prabowo Subianto dan Ketua Umum Partai Amanat Nasional Zulkifli Hasan.","['prabowo', 'partai', 'gerindra', 'ketua', 'subianto', 'nasional']",23/04/18,kompas,686.8116313,FS
37,Wakil Ketua Umum Partai Gerindra Fadli Zonmenampik isu miring bahwa PrabowoSubianto sudah kehabisan logistik dalam mengarungi Pemilihan Presiden 2019.,"['partai', 'presiden', 'gerindra', 'ketua', 'isu']",17/04/18,viva,564.7135838,MS